{
    "accuracy": 0.8184523809523809,
    "precision": 0.7923497267759563,
    "recall": 0.8630952380952381,
    "f1": 0.8262108262108262,
    "roc_auc": 0.8815901360544217
}